Filename,Predictions
2008_000076.jpg,"0,0,0,0,0,0,0,0,0,0,0,0,1,0,0,0,0,0,0,0"
2008_000082.jpg,"0,0,0,0,0,0,0,0,0,0,0,0,0,1,1,0,0,0,0,0"
2008_000116.jpg,"0,0,0,0,0,0,0,1,0,0,0,1,0,0,0,0,0,0,0,0"
2008_000123.jpg,"0,0,1,0,0,0,0,0,0,0,0,0,0,0,0,0,0,0,0,0"
2008_000134.jpg,"1,0,0,0,0,0,0,0,0,0,0,0,0,0,0,0,0,0,0,0"
2008_000182.jpg,"0,0,0,0,0,0,0,0,0,0,0,0,0,0,0,0,0,0,0,0"
2008_000222.jpg,"0,0,0,0,0,0,0,0,0,0,0,0,0,0,1,0,0,0,0,0"
2008_000234.jpg,"0,0,0,0,0,0,0,0,0,0,0,0,0,0,1,0,0,0,0,0"
2008_000254.jpg,"0,0,0,0,0,0,1,0,0,0,0,0,0,0,1,0,0,0,0,0"
2008_000268.jpg,"0,0,0,0,0,0,0,0,0,0,0,1,0,0,1,0,0,0,0,0"
2008_000304.jpg,"0,0,0,0,0,0,1,0,0,0,0,0,0,0,0,1,0,0,0,0"
2008_000345.jpg,"0,0,0,0,0,0,0,1,0,0,0,0,0,0,0,0,0,0,0,0"
2008_000376.jpg,"0,0,0,0,0,0,0,0,0,0,0,0,0,0,1,0,0,0,0,1"
2008_000383.jpg,"0,0,0,0,0,0,0,0,0,0,0,0,0,0,1,0,0,0,0,0"
2008_000403.jpg,"0,0,0,0,0,0,0,0,0,0,0,0,0,0,1,0,0,0,0,0"
2008_000407.jpg,"0,0,0,0,0,0,0,0,0,0,0,0,0,0,1,0,0,0,0,0"
2008_000446.jpg,"0,0,0,0,0,0,0,0,0,0,0,0,0,0,1,0,0,0,0,0"
2008_000465.jpg,"0,0,0,0,0,0,0,0,1,0,1,0,0,0,0,0,0,0,0,0"
2008_000492.jpg,"0,0,0,0,0,0,0,0,0,0,0,0,0,0,1,0,0,0,0,0"
2008_000573.jpg,"0,0,0,0,0,0,0,0,0,0,0,0,0,0,1,0,0,0,0,0"
2008_000581.jpg,"0,0,0,0,0,0,0,1,0,0,0,0,0,0,0,0,0,0,0,0"
2008_000660.jpg,"0,0,0,0,0,0,0,0,0,0,0,0,0,0,1,0,0,0,0,0"
2008_000673.jpg,"0,0,0,0,0,0,0,0,0,0,0,0,0,0,1,0,0,0,1,1"
2008_000697.jpg,"0,0,1,0,0,0,0,0,0,0,0,0,0,0,0,0,0,0,0,0"
2008_000776.jpg,"0,0,0,0,0,0,0,0,0,0,0,0,0,0,1,0,0,0,0,0"
2008_000783.jpg,"0,0,0,0,0,0,0,0,0,0,0,0,0,0,1,0,0,0,0,0"
2008_000834.jpg,"0,0,0,1,0,0,0,0,0,0,0,0,0,0,1,0,0,0,0,0"
2008_000837.jpg,"0,0,0,0,0,0,0,0,0,0,0,1,0,0,1,0,0,0,0,0"
2008_000904.jpg,"0,0,0,0,0,0,0,0,0,0,0,0,0,0,1,0,0,0,0,0"
2008_000916.jpg,"0,0,0,0,0,0,0,0,0,0,0,0,0,0,0,0,0,0,0,0"
2008_000992.jpg,"0,0,0,0,0,0,0,0,0,0,0,0,0,0,1,0,0,0,0,0"
2008_001007.jpg,"0,0,0,0,0,0,0,0,0,0,0,0,0,1,1,0,0,0,0,0"
2008_001012.jpg,"0,0,0,0,0,0,0,0,0,0,0,0,0,0,1,0,0,0,0,0"
2008_001028.jpg,"0,0,0,0,0,0,0,0,0,0,0,0,0,0,0,0,0,0,0,0"
2008_001070.jpg,"0,0,0,0,0,0,0,0,0,0,0,1,0,0,0,0,0,0,0,0"
2008_001139.jpg,"0,0,0,0,1,0,0,0,0,0,0,0,0,0,1,0,0,0,0,0"
2008_001150.jpg,"0,0,0,0,0,0,0,0,0,0,0,0,0,0,1,0,0,0,0,0"
2008_001185.jpg,"0,0,1,0,0,0,0,0,0,0,0,0,0,0,0,0,0,0,0,0"
2008_001199.jpg,"0,0,0,0,0,0,0,0,0,0,0,0,0,0,1,0,0,0,0,0"
2008_001210.jpg,"0,0,0,0,0,0,0,1,0,0,0,0,0,0,0,0,0,0,0,0"
2008_001225.jpg,"0,0,0,0,0,0,0,0,0,0,0,0,0,1,1,0,0,0,0,0"
2008_001227.jpg,"0,0,0,0,0,0,0,0,0,0,0,0,0,0,1,0,0,0,0,0"
2008_001264.jpg,"0,0,1,0,0,0,0,0,0,0,0,0,0,0,0,0,0,0,0,0"
2008_001304.jpg,"0,0,0,0,1,0,0,0,0,0,0,0,0,0,1,0,0,0,0,0"
2008_001306.jpg,"0,0,0,0,0,0,0,0,0,0,0,0,0,1,1,0,0,0,0,0"
2008_001333.jpg,"0,0,0,0,0,0,0,0,0,0,0,0,0,0,1,0,0,0,1,0"
2008_001374.jpg,"0,0,0,0,0,0,0,1,0,0,0,0,0,0,0,0,0,0,0,0"
2008_001376.jpg,"0,0,0,0,0,0,0,0,0,0,0,0,0,1,1,0,0,0,0,0"
2008_001380.jpg,"1,0,0,0,0,0,0,0,0,0,0,0,0,0,0,0,0,0,0,0"
2008_001401.jpg,"0,0,0,0,0,0,0,0,0,0,0,0,0,0,1,0,0,0,0,0"
2008_001430.jpg,"0,0,0,0,0,0,0,0,0,0,0,1,0,0,0,0,0,0,0,0"
2008_001466.jpg,"0,0,0,0,0,0,0,0,0,0,0,0,0,0,1,0,0,0,0,0"
2008_001475.jpg,"0,0,0,0,0,0,0,0,0,0,0,0,0,0,1,0,0,0,0,0"
2008_001478.jpg,"0,0,0,0,0,0,0,0,0,0,0,1,0,0,0,0,0,0,0,0"
2008_001491.jpg,"0,0,0,0,0,0,0,0,1,0,0,0,0,0,1,0,0,0,0,0"
2008_001534.jpg,"0,0,0,0,0,0,0,0,0,0,0,0,0,0,1,0,0,0,0,0"
2008_001544.jpg,"0,0,0,0,0,0,0,0,0,0,0,0,1,0,0,0,0,0,0,0"
2008_001549.jpg,"0,0,0,0,0,0,0,0,0,0,0,0,0,0,1,0,0,0,1,0"
2008_001564.jpg,"0,0,0,1,0,0,0,0,0,0,0,0,0,0,1,0,0,0,0,0"
2008_001613.jpg,"0,0,0,0,0,0,0,0,1,0,0,0,0,0,1,0,0,0,0,0"
2008_001629.jpg,"0,0,0,0,0,0,0,0,0,0,0,0,0,0,1,0,0,0,0,0"
2008_001638.jpg,"0,0,0,0,0,0,0,0,0,0,0,0,0,0,1,0,0,0,0,0"
2008_001682.jpg,"0,0,0,0,0,0,0,0,0,0,0,0,1,0,0,0,0,0,0,0"
2008_001722.jpg,"0,0,0,0,0,0,1,0,0,0,0,0,0,0,0,0,0,0,0,0"
2008_001742.jpg,"0,0,0,0,0,0,0,0,0,0,0,0,0,0,0,0,0,0,0,0"
2008_001757.jpg,"0,0,0,0,0,0,0,0,0,0,0,0,0,0,1,0,0,0,0,0"
2008_001765.jpg,"0,0,0,0,0,0,0,0,0,0,0,0,0,0,1,0,0,0,0,0"
2008_001772.jpg,"0,0,0,0,0,0,0,0,1,0,0,0,0,0,0,0,0,0,0,0"
2008_001930.jpg,"0,0,0,0,0,0,0,0,0,0,0,0,0,0,1,0,0,0,1,0"
2008_001992.jpg,"0,0,0,0,0,0,0,0,0,0,0,0,0,0,1,0,0,0,0,0"
2008_002003.jpg,"0,0,0,0,0,0,0,0,0,0,0,1,0,0,1,0,0,0,0,0"
2008_002026.jpg,"0,0,0,0,0,0,0,0,1,0,0,0,0,0,0,0,0,0,1,1"
2008_002046.jpg,"0,0,0,0,0,0,0,0,0,0,0,0,0,0,0,0,0,0,0,0"
2008_002092.jpg,"0,0,0,0,0,0,0,0,0,0,0,0,0,0,1,0,0,0,1,0"
2008_002179.jpg,"0,0,0,0,0,0,0,0,0,0,0,0,0,0,0,0,0,0,0,0"
2008_002207.jpg,"0,0,1,0,0,0,0,0,0,0,0,0,0,0,0,0,0,0,0,0"
2008_002222.jpg,"0,0,0,0,0,0,0,0,0,0,0,0,0,0,0,0,0,0,0,0"
2008_002231.jpg,"0,0,0,0,0,0,0,0,0,0,0,0,0,0,1,0,0,0,0,0"
2008_002239.jpg,"0,0,0,0,0,0,0,0,0,0,0,1,0,0,0,0,0,0,0,0"
2008_002241.jpg,"0,0,0,0,0,0,0,0,0,0,0,0,0,0,1,0,0,0,0,0"
2008_002321.jpg,"0,0,0,0,0,0,0,0,0,0,0,0,0,0,1,0,0,0,0,0"
2008_002358.jpg,"1,0,0,0,0,0,0,0,0,0,0,0,0,0,0,0,0,0,0,0"
2008_002451.jpg,"0,0,0,0,0,1,0,0,0,0,0,0,0,0,1,0,0,0,0,0"
2008_002492.jpg,"0,0,0,1,0,0,0,0,0,0,0,0,0,0,0,0,0,0,0,0"
2008_002590.jpg,"0,0,0,1,0,0,0,0,0,0,0,0,0,0,1,0,0,0,0,0"
2008_002624.jpg,"0,0,0,0,0,0,0,0,0,0,0,0,0,0,0,0,0,0,0,0"
2008_002652.jpg,"0,0,0,0,0,0,0,0,0,0,0,0,0,0,1,0,0,0,0,0"
2008_002681.jpg,"0,0,0,0,0,0,0,0,0,0,0,1,0,0,0,0,0,0,0,0"
2008_002735.jpg,"0,0,0,0,0,0,0,0,0,0,0,0,0,0,1,0,0,0,0,0"
2008_002738.jpg,"0,0,0,0,0,0,0,0,0,0,0,0,0,0,1,0,0,0,0,0"
2008_002773.jpg,"1,0,0,0,0,0,0,0,0,0,0,0,0,0,0,0,0,0,0,0"
2008_002789.jpg,"0,0,0,0,0,0,0,0,0,0,0,0,0,0,1,0,0,0,0,1"
2008_002830.jpg,"0,0,0,0,0,0,0,0,0,0,0,1,0,0,1,0,0,0,0,0"
2008_002835.jpg,"0,0,0,0,0,0,0,0,0,0,0,0,0,0,1,0,0,0,0,0"
2008_002910.jpg,"0,0,0,0,0,0,0,0,0,0,0,0,0,0,0,1,0,1,1,1"
2008_002929.jpg,"0,0,0,0,0,0,0,0,1,0,0,0,0,0,1,1,0,0,1,0"
2008_002936.jpg,"0,0,0,0,0,0,0,0,0,0,0,1,0,0,0,0,0,0,0,0"
2008_003005.jpg,"0,0,0,0,0,0,1,0,0,0,0,0,0,0,1,0,0,0,0,0"
2008_003034.jpg,"0,0,0,1,0,0,0,0,0,0,0,0,0,0,1,0,0,0,0,0"
2008_003052.jpg,"0,0,0,0,0,0,0,1,0,0,0,0,0,0,0,0,0,0,0,0"
2008_003073.jpg,"0,0,0,0,0,0,0,0,0,0,0,0,0,0,0,0,0,0,0,0"
2008_003095.jpg,"0,0,0,0,0,0,0,0,0,0,0,0,0,0,1,0,0,0,0,0"
2008_003108.jpg,"0,0,0,0,0,0,0,0,0,0,0,0,0,0,1,0,0,0,0,0"
2008_003181.jpg,"0,0,0,0,0,0,0,0,0,0,0,0,0,0,1,0,0,0,0,0"
2008_003193.jpg,"0,0,0,0,1,0,0,0,0,0,0,0,0,0,1,1,0,0,0,0"
2008_003291.jpg,"0,0,1,0,0,0,0,0,0,0,0,0,0,0,0,0,0,0,0,0"
2008_003305.jpg,"0,0,0,0,0,0,0,0,0,0,0,0,0,0,1,0,0,0,0,0"
2008_003333.jpg,"0,0,0,0,0,0,0,0,0,0,0,0,0,1,1,0,0,0,0,0"
2008_003374.jpg,"0,0,0,0,0,0,0,0,0,0,0,0,0,0,0,0,0,0,0,0"
2008_003395.jpg,"0,1,0,0,0,0,0,0,0,0,0,0,0,0,0,0,0,0,0,0"
2008_003407.jpg,"0,0,0,0,0,0,0,0,0,0,0,0,0,0,1,0,0,0,0,0"
2008_003424.jpg,"0,0,0,0,0,0,0,0,0,0,0,0,0,0,1,0,0,0,0,0"
2008_003451.jpg,"0,0,0,0,0,0,0,0,0,0,0,0,0,1,1,0,0,0,0,0"
2008_003476.jpg,"0,0,0,0,0,0,0,0,0,0,0,0,0,0,0,0,0,0,0,0"
2008_003511.jpg,"0,0,0,0,0,0,0,0,0,0,0,1,0,0,0,0,0,0,0,0"
2008_003514.jpg,"0,0,0,0,0,0,0,0,0,0,0,0,0,0,1,0,0,0,0,0"
2008_003542.jpg,"0,0,0,0,0,0,0,0,0,0,0,0,0,0,1,0,0,0,0,0"
2008_003547.jpg,"0,0,0,0,0,0,0,0,1,0,0,0,0,0,0,0,0,0,0,0"
2008_003557.jpg,"0,0,0,0,0,0,0,0,0,0,0,1,0,0,0,0,0,0,0,0"
2008_003580.jpg,"0,0,1,0,0,0,0,0,0,0,0,0,0,0,0,0,0,0,0,0"
2008_003624.jpg,"0,0,0,0,0,0,0,1,0,0,0,0,0,0,0,0,0,0,0,0"
2008_003650.jpg,"0,0,0,0,0,0,0,0,0,0,0,0,0,0,1,0,0,0,0,0"
2008_003673.jpg,"1,0,0,0,0,0,0,0,0,0,0,0,0,0,0,0,0,0,0,0"
2008_003775.jpg,"0,0,0,0,0,0,0,0,0,0,0,0,0,0,1,0,0,0,0,0"
2008_003789.jpg,"0,0,1,0,0,0,0,0,0,0,0,0,0,0,0,0,0,0,0,0"
2008_003812.jpg,"0,0,0,0,0,0,0,0,0,0,0,0,0,0,0,0,0,0,0,0"
2008_003825.jpg,"0,0,0,0,0,0,0,0,0,0,0,0,0,0,1,0,0,0,0,0"
2008_003926.jpg,"1,0,0,0,0,0,0,0,0,0,0,0,0,0,0,0,0,0,0,0"
2008_003929.jpg,"0,0,0,0,0,0,0,0,0,0,0,0,0,0,1,0,0,0,0,0"
2008_004003.jpg,"0,0,0,0,0,0,0,0,1,0,0,0,0,0,0,1,0,0,0,0"
2008_004040.jpg,"0,0,0,0,0,0,0,0,0,0,0,0,0,0,1,0,0,0,0,0"
2008_004046.jpg,"0,0,0,0,0,0,0,0,0,0,0,0,0,0,0,0,0,0,0,0"
2008_004048.jpg,"0,0,0,0,0,0,0,0,0,0,0,1,0,0,0,0,0,0,0,0"
2008_004124.jpg,"0,0,0,0,0,0,0,0,0,0,0,0,0,0,0,0,0,0,0,0"
2008_004125.jpg,"0,0,0,0,0,0,0,0,0,0,0,0,0,0,0,0,0,0,0,0"
2008_004142.jpg,"0,0,0,0,0,0,0,0,0,0,0,0,0,1,1,0,0,0,0,0"
2008_004166.jpg,"0,0,0,0,0,0,0,0,0,0,0,0,0,0,0,0,0,0,0,0"
2008_004174.jpg,"0,0,0,0,0,0,0,0,0,0,0,1,0,0,0,0,0,0,0,0"
2008_004190.jpg,"1,0,0,0,0,0,0,0,0,0,0,0,0,0,0,0,0,0,0,0"
2008_004326.jpg,"0,0,0,0,0,0,1,0,0,0,0,0,0,0,1,0,0,0,0,0"
2008_004367.jpg,"0,0,0,0,0,0,0,0,0,0,0,0,0,0,0,0,0,0,0,0"
2008_004384.jpg,"0,0,0,0,0,0,0,0,1,0,0,0,0,0,1,0,0,0,0,0"
2008_004406.jpg,"1,0,0,0,0,0,0,0,0,0,0,0,0,0,0,0,0,0,0,0"
2008_004422.jpg,"0,0,0,0,0,0,0,1,0,0,0,0,0,0,0,0,0,0,0,0"
2008_004478.jpg,"0,0,0,0,0,0,0,0,0,0,0,0,0,0,1,0,0,0,0,0"
2008_004479.jpg,"0,0,0,0,0,0,0,0,0,0,0,0,0,0,1,0,0,0,0,0"
2008_004501.jpg,"0,0,0,0,0,0,0,0,0,0,0,0,0,0,1,0,0,0,0,1"
2008_004504.jpg,"0,0,0,1,0,0,0,0,0,0,0,0,0,0,1,0,0,0,0,0"
2008_004528.jpg,"0,0,0,0,0,0,0,0,0,0,0,1,0,0,0,0,0,0,0,0"
2008_004538.jpg,"0,0,0,0,0,0,0,0,0,0,0,0,0,0,1,0,0,0,0,0"
2008_004549.jpg,"0,0,0,0,0,0,0,0,0,0,0,0,0,1,1,0,0,0,0,0"
2008_004553.jpg,"0,0,0,0,0,0,0,0,0,0,0,0,0,0,1,0,0,0,0,0"
2008_004579.jpg,"0,0,0,0,0,0,0,1,0,0,0,0,0,0,0,0,0,0,0,0"
2008_004605.jpg,"1,0,0,0,0,0,0,0,0,0,0,0,0,0,0,0,0,0,0,0"
2008_004610.jpg,"0,0,0,0,0,0,0,0,0,0,0,0,0,0,0,0,0,0,0,0"
2008_004653.jpg,"0,0,0,0,0,0,0,0,0,0,0,1,0,0,0,0,0,0,0,0"
2008_004656.jpg,"0,0,0,0,0,0,0,0,0,0,0,0,0,0,1,0,0,0,0,0"
2008_004688.jpg,"0,0,0,0,0,0,0,1,0,0,0,0,0,0,0,0,0,0,0,0"
2008_004689.jpg,"0,0,1,0,0,0,0,0,0,0,0,0,0,0,0,0,0,0,0,0"
2008_004701.jpg,"0,0,0,0,0,0,0,0,0,0,0,0,0,0,0,0,0,0,0,0"
2008_004705.jpg,"0,0,0,0,0,0,0,0,0,0,0,0,1,0,0,0,0,0,0,0"
2008_004756.jpg,"0,0,0,0,0,0,0,0,0,0,0,0,0,0,1,0,0,0,0,0"
2008_004795.jpg,"0,0,0,0,1,0,0,0,1,0,0,0,0,0,0,0,0,0,0,1"
2008_004873.jpg,"0,0,0,0,0,0,0,0,0,0,0,0,0,0,0,0,0,0,0,0"
2008_004881.jpg,"0,0,0,0,0,0,0,0,0,0,0,1,0,0,1,0,0,0,0,1"
2008_004904.jpg,"0,0,0,1,0,0,0,0,0,0,0,0,0,0,0,0,0,0,0,0"
2008_004942.jpg,"0,0,1,0,0,0,0,0,0,0,0,0,0,0,0,0,0,0,0,0"
2008_004984.jpg,"0,0,0,0,0,0,0,0,0,0,0,0,0,0,1,0,0,0,0,0"
2008_005063.jpg,"0,0,0,1,0,0,0,0,0,0,0,0,0,0,1,0,0,0,0,0"
2008_005070.jpg,"0,0,0,0,0,0,0,0,1,0,1,0,0,0,0,1,0,0,0,0"
2008_005105.jpg,"0,0,0,0,0,0,0,0,0,0,0,0,1,0,1,0,0,0,0,0"
2008_005175.jpg,"0,0,0,0,0,0,0,0,0,0,0,0,0,0,1,0,0,0,0,0"
2008_005197.jpg,"0,0,0,0,0,0,0,0,0,0,0,0,0,0,1,0,0,0,0,0"
2008_005260.jpg,"0,0,1,0,0,0,0,0,0,0,0,0,0,0,1,0,0,0,0,0"
2008_005270.jpg,"0,0,0,0,0,0,0,0,0,0,0,1,0,0,0,0,0,0,0,0"
2008_005359.jpg,"0,0,0,1,0,0,0,0,0,0,0,0,0,0,0,0,0,0,0,0"
2008_005361.jpg,"0,0,0,0,0,0,0,0,0,0,0,1,0,0,0,0,0,0,0,0"
2008_005378.jpg,"0,0,0,0,0,0,1,0,0,0,0,0,0,0,0,0,0,0,0,0"
2008_005417.jpg,"0,0,0,0,0,0,0,0,1,0,1,0,0,0,0,0,0,0,0,0"
2008_005469.jpg,"0,0,0,0,0,0,0,1,0,0,0,0,0,0,0,0,0,0,0,0"
2008_005510.jpg,"0,0,0,0,0,0,0,1,0,0,0,0,0,0,0,0,0,0,0,0"
2008_005534.jpg,"0,0,1,0,0,0,0,0,0,0,0,0,0,0,0,0,0,0,0,0"
2008_005552.jpg,"0,0,0,0,0,0,0,0,0,0,0,0,0,0,1,0,0,0,0,1"
2008_005601.jpg,"0,0,0,0,0,0,0,0,0,0,0,0,0,1,1,0,0,0,0,0"
2008_005631.jpg,"1,0,0,0,0,0,0,0,0,0,0,0,0,0,0,0,0,0,0,0"
2008_005643.jpg,"0,0,0,0,0,0,0,0,0,0,0,1,0,0,0,0,0,0,0,0"
2008_005686.jpg,"0,0,0,0,0,0,1,0,0,0,0,0,0,0,0,0,0,0,0,0"
2008_005788.jpg,"0,0,0,0,0,0,0,0,0,0,0,0,0,0,1,0,0,0,0,0"
2008_005805.jpg,"0,0,0,0,0,0,0,0,0,0,0,1,0,0,0,0,0,0,0,0"
2008_005812.jpg,"0,0,0,0,1,0,0,0,0,0,0,0,0,0,1,0,0,0,0,0"
2008_005863.jpg,"0,0,0,1,0,0,0,0,0,0,0,0,0,0,0,0,0,0,0,0"
2008_005865.jpg,"0,0,0,0,0,0,1,0,0,0,0,1,0,0,1,0,0,0,0,0"
2008_005869.jpg,"0,0,0,0,0,0,0,0,0,0,0,0,0,0,1,0,0,0,0,0"
2008_005881.jpg,"0,0,0,0,0,0,0,0,0,0,0,0,0,0,1,0,0,0,0,0"
2008_005889.jpg,"1,0,0,0,0,0,0,0,0,0,0,0,0,0,0,0,0,0,0,0"
2008_006024.jpg,"0,0,0,0,0,0,0,0,0,0,0,0,0,0,1,0,0,0,0,0"
2008_006037.jpg,"0,0,0,0,0,0,0,0,0,0,0,0,0,0,1,0,0,0,0,0"
2008_006041.jpg,"0,0,0,0,0,0,0,0,0,0,0,0,1,0,0,0,0,0,0,0"
2008_006068.jpg,"0,0,0,0,0,0,0,1,0,0,0,1,0,0,0,0,0,0,0,0"
2008_006087.jpg,"0,0,0,0,0,0,0,0,0,0,0,0,1,0,1,0,0,0,0,0"
2008_006113.jpg,"0,0,0,0,0,0,0,1,0,0,0,0,0,0,0,0,0,0,0,0"
2008_006205.jpg,"0,0,0,0,0,0,0,0,0,0,0,0,0,1,1,0,0,0,0,0"
2008_006222.jpg,"0,0,0,0,0,0,1,0,0,0,0,0,0,0,1,0,0,0,0,0"
2008_006240.jpg,"0,0,0,0,0,0,1,0,0,0,0,0,0,0,0,0,0,0,0,0"
2008_006262.jpg,"0,0,0,0,0,0,0,0,0,0,0,0,0,0,0,0,0,0,0,0"
2008_006267.jpg,"0,0,0,0,0,0,0,0,0,0,0,0,0,0,1,0,0,0,0,1"
2008_006307.jpg,"0,0,0,0,0,0,0,0,0,0,0,1,0,0,0,0,0,0,0,0"
2008_006327.jpg,"0,0,0,0,0,0,0,0,0,0,0,1,0,0,0,0,0,0,0,0"
2008_006403.jpg,"0,0,0,0,0,0,0,0,0,0,0,0,0,0,0,0,0,0,0,0"
2008_006416.jpg,"0,0,0,0,0,0,0,0,0,0,0,1,0,0,0,0,0,0,0,0"
2008_006463.jpg,"1,0,0,0,0,0,0,0,0,0,0,0,0,0,0,0,0,0,0,0"
2008_006467.jpg,"0,1,0,0,0,0,0,0,0,0,0,0,0,0,1,0,0,0,0,0"
2008_006587.jpg,"0,0,0,0,0,0,0,0,0,0,0,1,0,0,0,0,0,0,0,0"
2008_006588.jpg,"0,0,0,0,1,0,0,0,1,0,0,0,0,0,1,0,0,0,0,0"
2008_006614.jpg,"0,0,0,0,0,0,0,0,0,0,0,1,0,0,0,0,0,0,0,0"
2008_006690.jpg,"0,0,1,0,0,0,0,0,0,0,0,0,0,0,0,0,0,0,0,0"
2008_006696.jpg,"0,0,0,0,0,0,0,0,0,0,0,1,0,0,0,0,0,0,0,0"
2008_006708.jpg,"0,0,0,0,0,0,0,0,0,0,0,0,0,1,0,0,0,0,0,0"
2008_006722.jpg,"0,0,0,0,0,0,0,0,0,0,0,1,0,0,1,0,0,0,0,0"
2008_006743.jpg,"0,0,0,0,0,0,0,0,0,0,0,1,0,0,0,0,0,0,0,0"
2008_006758.jpg,"0,0,0,0,0,0,0,0,0,0,0,0,1,0,1,0,0,0,0,0"
2008_006779.jpg,"0,0,0,0,0,0,0,0,0,0,0,0,1,0,1,0,0,0,0,0"
2008_006837.jpg,"0,0,0,0,0,0,0,0,0,0,0,1,0,0,0,0,0,0,0,0"
2008_006890.jpg,"0,0,0,0,0,0,0,0,0,0,0,0,0,0,1,0,0,0,0,1"
2008_006944.jpg,"0,0,0,0,0,0,0,0,0,0,0,0,0,1,1,0,0,0,0,0"
2008_006959.jpg,"0,0,0,0,0,0,1,0,0,0,0,0,0,0,0,0,0,0,0,0"
2008_006980.jpg,"1,0,0,0,0,0,0,0,0,0,0,0,0,0,0,0,0,0,0,0"
2008_007019.jpg,"0,1,0,0,0,0,0,0,0,0,0,0,0,0,1,0,0,0,0,0"
2008_007084.jpg,"0,0,0,0,0,0,0,0,0,0,0,0,0,0,0,0,0,0,0,0"
2008_007182.jpg,"0,0,0,0,0,0,0,0,0,0,0,0,0,0,0,0,0,1,1,0"
2008_007184.jpg,"0,0,0,0,0,0,0,0,0,0,0,0,0,1,1,0,0,0,0,0"
2008_007188.jpg,"0,0,1,0,0,0,0,0,0,0,0,0,0,0,0,0,0,0,0,0"
2008_007190.jpg,"0,0,0,0,0,0,0,0,0,0,0,0,0,0,1,0,0,0,0,0"
2008_007214.jpg,"0,0,0,0,0,0,1,0,0,0,0,0,0,0,0,0,0,0,0,0"
2008_007216.jpg,"0,0,0,0,0,0,0,0,0,0,0,0,0,0,0,0,0,0,0,0"
2008_007219.jpg,"0,0,0,0,0,0,0,0,0,0,0,0,0,0,1,0,0,0,0,0"
2008_007227.jpg,"0,0,0,0,0,0,0,0,0,0,0,0,0,0,0,0,0,0,0,0"
2008_007231.jpg,"0,0,0,0,0,0,0,0,0,0,0,0,0,0,0,0,0,0,0,0"
2008_007269.jpg,"0,0,0,0,0,0,0,0,0,0,0,0,0,0,0,0,0,0,0,0"
2008_007402.jpg,"0,0,0,0,0,0,0,0,1,0,0,0,0,0,1,0,0,0,0,0"
2008_007452.jpg,"0,0,0,0,0,0,0,0,0,0,0,0,0,0,1,0,0,0,0,0"
2008_007461.jpg,"0,0,0,0,0,0,0,0,0,0,0,1,0,0,0,0,0,0,0,0"
2008_007586.jpg,"0,0,0,0,0,0,0,0,0,0,0,0,0,0,0,0,1,0,0,0"
2008_007596.jpg,"0,0,0,0,0,0,0,0,0,1,0,0,0,0,0,0,0,0,0,0"
2008_007632.jpg,"0,0,0,0,0,0,0,1,0,0,0,0,0,0,0,0,0,0,0,0"
2008_007673.jpg,"0,0,0,0,0,0,0,0,0,0,0,0,0,0,0,0,0,0,0,0"
2008_007693.jpg,"0,0,0,0,0,0,0,0,0,0,0,0,0,0,0,0,0,0,0,0"
2008_007745.jpg,"0,0,0,0,0,0,0,0,0,0,0,0,0,0,1,0,0,0,0,0"
2008_007797.jpg,"0,0,0,0,0,1,0,0,0,0,0,0,0,0,0,0,0,0,0,0"
2008_007798.jpg,"0,0,0,0,0,0,0,0,1,0,0,0,0,0,0,0,0,0,0,1"
2008_007853.jpg,"0,0,0,0,0,0,0,0,1,0,0,0,0,0,1,0,0,0,0,0"
2008_007875.jpg,"0,0,0,0,0,0,0,0,0,0,0,1,0,0,0,0,0,0,0,0"
2008_007884.jpg,"0,0,0,1,0,0,0,0,0,0,0,0,0,0,0,0,0,0,0,0"
2008_007933.jpg,"0,0,0,0,0,0,0,0,0,0,0,0,0,0,0,0,0,0,0,1"
2008_007936.jpg,"0,0,1,0,0,0,0,0,0,0,0,0,0,0,0,0,0,0,0,0"
2008_007949.jpg,"0,0,0,0,0,0,0,0,1,0,0,0,0,0,0,0,0,0,0,0"
2008_007966.jpg,"0,0,0,0,0,0,0,0,0,0,0,0,0,0,1,0,0,0,0,0"
2008_007993.jpg,"0,0,0,0,0,0,0,0,0,0,0,0,0,1,1,0,0,0,0,0"
2008_008084.jpg,"0,1,0,0,0,0,0,0,0,0,0,0,0,0,1,0,0,0,0,0"
2008_008091.jpg,"0,0,0,0,1,0,0,0,0,0,0,0,0,0,1,0,0,0,0,0"
2008_008115.jpg,"0,0,0,0,0,0,0,0,0,0,0,0,0,0,0,0,0,0,0,0"
2008_008221.jpg,"0,0,0,0,0,0,0,0,0,0,0,0,0,0,0,0,0,0,0,0"
2008_008234.jpg,"0,0,0,0,0,0,0,0,0,0,0,0,0,0,0,0,0,0,0,0"
2008_008278.jpg,"1,0,0,0,0,0,0,0,0,0,0,0,0,0,0,0,0,0,0,0"
2008_008297.jpg,"0,0,0,0,0,0,0,0,0,0,0,0,0,0,0,0,0,0,0,0"
2008_008337.jpg,"0,1,0,0,0,0,0,0,0,0,0,0,0,0,1,0,0,0,0,0"
2008_008346.jpg,"0,0,1,0,0,0,0,0,0,0,0,0,0,0,0,0,0,0,0,0"
2008_008354.jpg,"0,0,1,0,0,0,0,0,0,0,0,0,0,0,0,0,0,0,0,0"
2008_008500.jpg,"0,0,0,0,0,0,0,0,0,0,0,0,0,0,1,0,0,0,0,0"
2008_008506.jpg,"0,0,1,0,0,0,0,0,0,0,0,0,0,0,0,0,0,0,0,0"
2008_008552.jpg,"0,0,0,0,0,0,0,0,0,0,0,0,0,1,1,0,0,0,0,0"
2008_008554.jpg,"0,0,0,0,0,0,0,0,0,0,0,0,0,0,0,1,0,1,1,1"
2008_008570.jpg,"1,0,0,0,0,0,0,0,0,0,0,0,0,0,1,0,0,0,0,0"
2008_008636.jpg,"0,0,0,0,0,0,0,0,0,0,0,1,0,0,0,0,0,0,0,0"
2008_008662.jpg,"0,0,0,0,0,0,0,0,0,0,0,0,0,0,0,0,0,0,0,0"
2008_008675.jpg,"0,0,0,0,0,0,0,0,0,0,0,1,0,0,0,0,0,0,0,0"
2008_008679.jpg,"0,0,0,0,0,0,1,0,0,0,0,0,0,0,1,0,0,0,0,0"
2008_008711.jpg,"0,1,0,0,0,0,0,0,0,0,0,0,0,0,0,0,0,0,0,0"
2008_008718.jpg,"0,1,0,0,0,0,0,0,0,0,0,0,0,0,1,0,0,0,0,0"
2008_008765.jpg,"1,0,0,0,0,0,0,0,0,0,0,0,0,0,0,0,0,0,0,0"
2009_000022.jpg,"0,0,0,0,0,0,0,0,0,0,0,0,0,0,0,0,0,0,0,0"
2009_000066.jpg,"0,0,0,0,0,0,0,0,0,0,0,0,0,0,0,0,0,0,0,0"
2009_000093.jpg,"0,0,0,1,0,0,0,0,0,0,0,0,0,0,0,0,0,0,0,0"
2009_000157.jpg,"0,0,0,0,0,0,0,0,0,0,0,0,0,0,1,0,0,0,1,1"
2009_000184.jpg,"0,0,0,0,0,0,0,0,0,0,0,0,0,1,0,0,0,0,0,0"
2009_000212.jpg,"0,0,0,0,0,0,0,0,1,0,1,0,0,0,0,0,0,0,0,0"
2009_000219.jpg,"0,0,0,0,0,0,0,0,0,0,0,0,1,0,0,0,0,0,0,0"
2009_000293.jpg,"0,0,0,0,0,0,0,0,0,0,0,0,1,0,0,0,0,0,0,0"
2009_000298.jpg,"0,0,0,0,0,0,0,0,0,0,0,0,0,0,0,0,0,0,0,0"
2009_000378.jpg,"0,0,0,0,0,0,0,0,0,0,0,0,0,0,1,0,0,0,0,0"
2009_000421.jpg,"0,0,0,1,0,0,0,0,0,0,0,0,0,0,1,0,0,0,0,0"
2009_000453.jpg,"0,0,0,0,0,0,0,0,0,0,0,0,0,0,1,0,0,0,0,0"
2009_000483.jpg,"0,0,0,0,0,0,0,0,0,0,0,0,0,0,0,0,0,0,0,0"
2009_000501.jpg,"0,0,0,0,0,0,0,0,0,0,0,0,0,0,0,0,0,0,0,0"
2009_000512.jpg,"0,0,0,0,0,0,0,0,0,0,0,1,0,0,1,0,0,0,0,0"
2009_000563.jpg,"0,0,0,0,0,0,0,0,0,0,0,0,0,0,0,0,0,1,1,0"
2009_000573.jpg,"0,1,0,0,0,0,0,0,0,0,0,0,0,0,1,0,0,0,0,0"
2009_000619.jpg,"0,0,1,0,0,0,0,0,0,0,0,0,0,0,0,0,0,0,0,0"
2009_000625.jpg,"1,0,0,0,0,0,0,0,0,0,0,0,0,0,0,0,0,0,0,0"
2009_000631.jpg,"0,0,0,0,0,0,1,0,0,0,0,0,0,0,0,0,0,0,0,0"
2009_000670.jpg,"0,0,0,0,0,0,0,0,0,0,0,1,0,0,0,0,0,0,0,0"
2009_000676.jpg,"0,1,0,0,0,0,0,0,0,0,0,0,0,0,0,0,0,0,0,0"
2009_000702.jpg,"0,0,0,0,0,0,0,0,0,0,0,1,0,0,0,0,0,0,0,0"
2009_000704.jpg,"0,0,0,0,0,0,0,0,0,0,0,0,0,0,1,0,0,0,0,1"
2009_000723.jpg,"0,0,0,1,0,0,0,0,0,0,0,0,0,0,0,0,0,0,0,0"
2009_000811.jpg,"0,0,0,0,0,0,0,0,1,0,0,0,0,0,1,0,0,0,0,0"
2009_000817.jpg,"1,0,0,0,0,0,0,0,0,0,0,0,0,0,0,0,0,0,0,0"
2009_000846.jpg,"0,0,0,0,0,0,0,0,0,0,0,0,0,0,0,1,0,0,0,0"
2009_000858.jpg,"0,0,0,0,0,0,0,0,0,0,0,0,0,1,1,0,0,0,0,0"
2009_000879.jpg,"0,0,1,0,0,0,0,0,0,0,0,0,0,0,0,0,0,0,0,0"
2009_000909.jpg,"1,0,0,0,0,0,0,0,0,0,0,0,0,0,0,0,0,0,0,0"
2009_001007.jpg,"0,0,0,0,0,0,0,0,0,0,0,0,0,0,0,0,0,0,0,0"
2009_001066.jpg,"0,0,0,0,0,0,0,0,0,0,0,0,0,0,0,0,0,0,0,0"
2009_001090.jpg,"1,0,0,0,0,0,0,0,0,0,0,0,0,0,0,0,0,0,0,0"
2009_001106.jpg,"0,0,0,0,0,0,0,0,0,0,0,0,0,0,1,0,0,0,0,0"
2009_001155.jpg,"0,0,0,0,0,0,0,0,0,0,0,0,0,0,1,0,0,0,0,0"
2009_001198.jpg,"0,0,0,0,0,0,0,0,0,0,0,1,0,0,0,0,0,0,0,0"
2009_001207.jpg,"0,0,0,0,0,0,0,0,0,0,0,0,0,0,1,0,0,0,0,0"
2009_001249.jpg,"0,0,0,0,0,0,0,0,1,0,0,0,0,0,0,0,0,0,0,0"
2009_001266.jpg,"0,0,0,0,0,0,0,0,0,0,0,0,0,0,1,0,0,0,0,0"
2009_001320.jpg,"0,0,0,0,0,0,0,0,0,0,0,0,0,1,1,0,0,0,0,0"
2009_001349.jpg,"0,0,0,0,0,0,0,0,0,0,0,0,0,0,0,0,1,0,0,0"
2009_001367.jpg,"0,0,0,0,0,0,0,0,0,0,0,1,0,0,0,0,0,0,0,0"
2009_001397.jpg,"0,0,1,0,0,0,0,0,0,0,0,0,0,0,0,0,0,0,0,0"
2009_001440.jpg,"0,0,0,0,0,0,0,0,0,0,0,0,0,0,0,0,0,1,1,0"
2009_001456.jpg,"0,1,0,0,0,0,0,0,0,0,0,0,0,0,0,0,0,0,0,0"
2009_001501.jpg,"1,0,0,0,0,0,0,0,0,0,0,0,0,0,0,0,0,0,0,0"
2009_001536.jpg,"0,0,0,0,0,0,1,0,0,0,0,0,0,0,0,0,0,0,0,0"
2009_001539.jpg,"0,0,0,0,0,0,0,0,0,0,0,0,1,0,1,0,0,0,0,0"
2009_001645.jpg,"0,0,0,0,0,0,0,0,0,0,0,0,0,0,0,0,0,0,0,0"
2009_001713.jpg,"1,0,0,0,0,0,0,0,0,0,0,0,0,0,0,0,0,0,0,0"
2009_001733.jpg,"0,0,0,0,0,0,0,0,0,0,0,1,0,0,0,0,0,0,0,0"
2009_001754.jpg,"0,0,0,0,0,0,0,0,1,0,1,0,0,0,0,0,0,0,0,0"
2009_001759.jpg,"0,0,0,0,0,0,0,0,0,0,0,0,0,1,1,0,0,0,0,0"
2009_001765.jpg,"0,0,1,0,0,0,0,0,0,0,0,0,0,0,0,0,0,0,0,0"
2009_001774.jpg,"0,0,0,0,0,0,0,0,0,0,0,1,0,0,0,0,0,0,0,0"
2009_001822.jpg,"0,0,0,0,0,1,0,0,0,0,0,0,0,0,1,0,0,0,0,0"
2009_001835.jpg,"0,0,0,0,0,0,0,1,0,0,0,0,0,0,0,0,0,0,0,0"
2009_001850.jpg,"1,0,0,0,0,0,0,0,0,0,0,0,0,0,0,0,0,0,0,0"
2009_001881.jpg,"0,0,0,0,0,0,0,0,0,0,0,1,0,0,0,0,0,0,0,0"
2009_001911.jpg,"0,0,0,0,0,0,0,0,0,0,0,0,1,0,0,0,0,0,0,0"
2009_001967.jpg,"0,0,0,0,0,1,0,0,0,0,0,0,0,0,1,0,0,0,0,0"
2009_001991.jpg,"0,0,0,0,0,0,0,0,0,0,0,1,0,0,0,0,0,0,0,0"
2009_002012.jpg,"0,0,0,0,0,0,0,0,0,0,0,1,0,0,0,0,0,0,0,0"
2009_002097.jpg,"0,0,0,0,0,0,0,0,0,0,0,0,0,0,0,0,0,0,0,0"
2009_002131.jpg,"0,0,0,0,0,0,0,0,0,0,0,0,0,1,1,0,0,0,0,0"
2009_002171.jpg,"0,0,0,0,0,0,0,0,0,0,0,0,0,0,0,0,0,0,0,0"
2009_002194.jpg,"0,1,0,0,0,0,0,0,0,0,0,0,0,0,0,0,0,0,0,0"
2009_002211.jpg,"1,0,0,0,0,0,0,0,0,0,0,0,0,0,0,0,0,0,0,0"
2009_002306.jpg,"0,0,0,1,0,0,0,0,0,0,0,0,0,0,0,0,0,0,0,0"
2009_002325.jpg,"0,0,0,0,0,0,0,0,0,0,0,0,0,0,0,0,0,1,1,0"
2009_002346.jpg,"0,0,0,0,0,0,0,0,0,0,0,0,0,0,1,0,0,0,0,0"
2009_002349.jpg,"0,0,0,0,0,0,0,0,0,0,0,0,0,0,1,0,0,0,0,0"
2009_002350.jpg,"0,0,0,0,0,0,0,0,0,0,0,0,0,0,1,0,0,0,0,0"
2009_002517.jpg,"0,0,0,0,0,0,1,0,0,0,0,0,0,0,1,0,0,0,0,0"
2009_002569.jpg,"0,0,0,0,0,0,0,0,0,0,0,0,0,1,1,0,0,0,0,0"
2009_002634.jpg,"1,0,0,0,0,0,0,0,0,0,0,0,0,0,1,0,0,0,0,0"
2009_002651.jpg,"0,0,0,0,0,0,0,0,0,0,0,0,0,1,0,0,0,0,0,0"
2009_002680.jpg,"0,0,0,0,0,0,0,0,0,0,0,0,0,0,0,0,0,0,0,0"
2009_002712.jpg,"0,0,0,0,0,0,0,0,0,0,0,0,0,0,0,0,0,0,0,0"
2009_002744.jpg,"0,0,0,0,0,0,0,0,0,0,0,0,0,0,1,0,0,0,0,0"
2009_002753.jpg,"0,0,0,0,0,0,0,1,0,0,0,0,0,0,0,0,0,0,0,0"
2009_002790.jpg,"0,0,0,0,0,0,0,0,0,0,0,0,0,0,1,0,0,1,1,0"
2009_002975.jpg,"0,0,0,0,0,0,0,0,0,0,0,0,0,0,0,0,0,0,0,0"
2009_002982.jpg,"0,0,0,0,0,0,0,0,0,0,0,0,0,0,0,0,0,0,0,0"
2009_003022.jpg,"0,0,0,0,0,0,0,0,0,0,0,0,0,0,0,0,0,0,0,0"
2009_003125.jpg,"0,0,0,0,0,0,0,0,0,0,0,0,0,0,1,0,0,0,0,0"
2009_003128.jpg,"0,0,0,0,0,0,0,0,0,0,0,0,1,0,1,0,0,0,0,0"
2009_003144.jpg,"0,0,0,0,0,0,0,0,1,0,0,0,0,0,1,1,0,0,0,0"
2009_003153.jpg,"1,0,0,0,0,0,0,0,0,0,0,0,0,0,0,0,0,0,0,0"
2009_003181.jpg,"0,0,0,0,0,0,0,0,0,0,0,0,0,0,0,0,0,0,0,0"
2009_003201.jpg,"0,0,0,0,0,0,0,1,0,0,0,0,0,0,0,0,0,0,0,0"
2009_003214.jpg,"0,0,0,0,0,0,0,0,0,0,0,0,0,0,0,0,0,0,0,1"
2009_003238.jpg,"0,0,0,0,0,0,0,0,0,0,0,0,0,1,1,0,0,0,0,0"
2009_003273.jpg,"0,0,1,0,0,0,0,0,0,0,0,0,0,0,0,0,0,0,0,0"
2009_003351.jpg,"1,0,0,0,0,0,0,0,0,0,0,0,0,0,0,0,0,0,0,0"
2009_003373.jpg,"0,0,0,0,0,0,0,0,0,0,0,0,0,0,0,0,0,1,1,0"
2009_003375.jpg,"0,0,0,0,0,0,0,0,0,0,0,1,0,0,0,0,0,0,0,0"
2009_003387.jpg,"0,0,0,0,0,0,1,0,0,0,0,0,0,0,0,0,0,0,0,0"
2009_003487.jpg,"0,0,0,0,0,0,0,0,0,0,0,0,0,0,0,1,0,0,0,0"
2009_003521.jpg,"0,0,0,0,0,0,0,0,0,0,0,0,0,0,0,0,0,0,0,0"
2009_003530.jpg,"0,0,0,0,0,0,0,0,0,0,0,0,1,0,1,0,0,0,0,0"
2009_003592.jpg,"0,0,0,0,0,1,0,0,0,0,0,0,0,0,1,0,0,0,0,0"
2009_003627.jpg,"0,0,0,0,0,0,0,0,0,0,0,1,0,0,1,0,0,0,0,0"
2009_003633.jpg,"0,0,0,0,0,0,0,0,0,0,0,0,0,0,1,0,0,0,0,0"
2009_003635.jpg,"1,0,0,0,0,0,0,0,0,0,0,0,0,0,0,0,0,0,0,0"
2009_003704.jpg,"1,0,0,0,0,0,0,0,0,0,0,0,0,0,0,0,0,0,0,0"
2009_003776.jpg,"0,0,0,0,0,0,0,0,0,0,0,0,0,0,1,0,0,0,0,0"
2009_003805.jpg,"1,0,0,0,0,0,0,0,0,0,0,0,0,0,0,0,0,0,0,0"
2009_003847.jpg,"0,0,0,0,0,0,0,1,0,0,0,0,0,0,0,0,0,0,0,0"
2009_003899.jpg,"0,0,0,0,0,0,0,0,0,0,0,0,0,0,0,0,0,0,0,1"
2009_003903.jpg,"0,0,0,0,0,0,0,0,0,0,0,0,1,0,1,0,0,0,0,0"
2009_003905.jpg,"0,1,0,0,0,0,0,0,0,0,0,0,0,0,0,0,0,0,0,0"
2009_003955.jpg,"0,0,0,0,0,0,0,1,0,0,0,0,0,0,0,0,0,0,0,0"
2009_003986.jpg,"0,0,0,0,0,0,0,0,0,0,0,1,0,0,0,0,0,0,0,0"
2009_003992.jpg,"0,0,0,0,0,0,0,0,0,0,0,1,0,0,0,0,0,0,0,0"
2009_004001.jpg,"0,0,1,0,0,0,0,0,0,0,0,0,0,0,0,0,0,0,0,0"
2009_004044.jpg,"0,0,1,0,0,0,0,0,0,0,0,0,0,0,0,0,0,0,0,0"
2009_004050.jpg,"0,0,0,0,0,0,0,0,1,0,0,0,0,0,1,0,0,0,1,0"
2009_004099.jpg,"0,0,0,0,0,0,0,0,0,0,0,0,0,0,0,0,0,0,0,0"
2009_004125.jpg,"0,0,0,1,0,0,0,0,0,0,0,0,0,0,0,0,0,0,0,0"
2009_004126.jpg,"0,0,0,0,0,0,0,0,0,0,0,0,0,0,1,0,0,0,0,0"
2009_004140.jpg,"0,0,0,0,0,0,0,0,1,0,1,0,0,0,0,0,0,0,0,0"
2009_004197.jpg,"0,0,0,0,0,1,1,0,0,0,0,0,0,0,1,0,0,0,0,0"
2009_004210.jpg,"0,0,0,0,0,0,0,0,0,0,0,0,0,0,0,0,0,0,0,0"
2009_004248.jpg,"0,0,0,0,0,0,0,1,0,0,0,0,0,0,0,0,0,0,0,0"
2009_004274.jpg,"0,0,0,0,0,0,0,0,0,0,0,0,0,0,0,0,0,0,0,0"
2009_004329.jpg,"0,0,0,0,0,0,0,0,0,0,0,0,0,0,0,0,0,0,0,0"
2009_004359.jpg,"0,0,0,0,0,0,0,0,0,0,0,0,0,0,0,0,0,0,0,1"
2009_004382.jpg,"0,0,0,0,0,0,0,1,0,0,0,0,0,0,0,0,0,0,0,0"
2009_004419.jpg,"0,0,0,0,0,0,0,0,1,0,0,0,0,0,0,1,0,1,1,1"
2009_004436.jpg,"0,0,0,0,0,0,1,0,0,0,0,0,0,0,1,0,0,0,0,0"
2009_004455.jpg,"0,0,0,0,0,0,0,0,0,0,0,0,0,1,1,0,0,0,0,0"
2009_004530.jpg,"0,0,0,0,0,0,0,0,0,0,0,0,0,0,0,0,0,0,0,0"
2009_004579.jpg,"0,0,0,0,1,0,0,0,0,0,0,0,0,0,0,0,0,0,0,0"
2009_004623.jpg,"0,0,0,0,0,0,0,0,0,0,0,0,1,0,1,0,0,0,0,0"
2009_004645.jpg,"0,0,0,0,0,0,0,0,0,0,0,0,0,0,1,1,0,0,0,0"
2009_004687.jpg,"0,0,0,0,0,0,0,0,1,0,0,0,0,0,1,0,0,0,1,0"
2009_004697.jpg,"0,0,0,0,0,0,0,0,0,0,0,0,0,0,1,0,0,0,0,0"
2009_004718.jpg,"0,0,0,0,0,0,0,0,0,0,0,0,0,0,1,0,0,0,0,0"
2009_004730.jpg,"0,0,0,1,0,0,0,0,0,0,0,0,0,0,0,0,0,0,0,0"
2009_004758.jpg,"0,0,0,0,0,0,0,0,0,0,0,0,0,0,1,1,0,0,0,0"
2009_004822.jpg,"0,1,0,0,0,0,0,0,0,0,0,0,0,0,1,0,0,0,0,0"
2009_004823.jpg,"0,0,0,0,0,0,0,0,1,0,0,0,0,0,0,0,0,0,0,1"
2009_004845.jpg,"0,0,0,0,0,0,0,0,0,0,0,0,0,1,0,0,0,0,0,0"
2009_004857.jpg,"0,0,0,0,0,0,0,0,0,0,0,0,0,1,0,0,0,0,0,0"
2009_004869.jpg,"0,0,0,0,0,0,0,0,1,0,0,0,0,0,0,0,0,0,0,0"
2009_004934.jpg,"0,1,0,0,0,0,0,0,0,0,0,0,0,0,0,0,0,0,0,0"
2009_004947.jpg,"0,0,0,0,0,1,1,0,0,0,0,0,0,0,1,0,0,0,0,0"
2009_004956.jpg,"0,0,0,0,0,0,0,0,0,0,0,0,0,0,0,0,0,0,0,0"
2009_004982.jpg,"0,0,0,0,0,0,0,0,0,0,0,0,0,0,0,0,0,0,0,0"
2009_005061.jpg,"0,0,0,0,0,0,0,0,0,0,0,0,0,0,0,0,0,0,0,0"
2009_005062.jpg,"0,0,0,0,0,0,0,0,1,0,0,0,0,0,0,0,0,0,0,1"
2009_005103.jpg,"0,1,0,0,0,0,0,0,0,0,0,0,0,0,1,0,0,0,0,0"
2009_005104.jpg,"0,0,0,0,0,0,1,0,0,0,0,0,0,0,0,0,0,0,0,0"
2009_005140.jpg,"0,0,0,0,0,0,0,0,0,0,0,0,0,0,1,0,0,0,0,0"
2009_005165.jpg,"0,0,0,0,0,0,0,0,1,0,0,0,0,0,0,0,0,0,0,0"
2009_005204.jpg,"0,0,0,0,0,0,0,0,1,0,0,0,0,0,0,0,0,0,0,0"
2009_005220.jpg,"0,0,0,0,0,0,0,0,0,0,0,0,0,0,0,0,0,0,0,0"
2009_005286.jpg,"0,0,0,0,0,0,0,0,1,0,0,0,0,0,0,1,0,0,0,0"
2009_005292.jpg,"0,0,0,0,0,0,0,0,0,0,0,0,0,0,0,0,0,0,0,0"
2009_005310.jpg,"0,0,0,0,0,0,0,0,1,0,0,0,0,0,0,0,0,0,0,0"
2010_000020.jpg,"0,0,0,0,0,0,0,0,0,0,0,1,0,0,1,0,0,0,0,0"
2010_000038.jpg,"0,0,0,0,0,0,0,0,0,0,0,0,1,0,1,0,0,0,0,0"
2010_000050.jpg,"0,0,0,0,0,0,0,0,0,0,0,0,0,0,0,0,0,0,0,0"
2010_000054.jpg,"0,0,0,0,0,0,0,1,0,0,0,0,0,0,0,0,0,0,0,0"
2010_000145.jpg,"0,0,0,1,0,0,0,0,0,0,0,0,0,0,0,0,0,0,0,0"
2010_000159.jpg,"0,0,0,0,0,0,0,0,0,0,0,1,0,0,0,0,0,0,0,0"
2010_000202.jpg,"0,0,0,0,0,0,0,0,0,0,0,0,0,0,0,1,0,0,0,0"
2010_000216.jpg,"0,0,0,0,0,0,0,0,0,0,0,1,0,0,0,0,0,0,0,0"
2010_000247.jpg,"0,0,0,0,0,0,0,0,0,0,0,1,0,0,0,0,0,0,0,0"
2010_000261.jpg,"0,0,0,0,0,0,0,1,0,0,0,0,0,0,0,0,0,0,0,0"
2010_000309.jpg,"0,0,0,0,0,0,0,0,0,0,0,0,0,0,0,0,0,0,0,0"
2010_000312.jpg,"0,0,0,0,0,0,0,0,0,0,0,1,0,0,0,0,0,0,0,0"
2010_000351.jpg,"0,0,0,0,0,0,0,0,0,0,0,1,0,0,0,0,0,0,0,0"
2010_000406.jpg,"0,0,0,0,0,0,0,0,0,0,0,0,0,0,0,0,0,0,0,0"
2010_000485.jpg,"0,0,0,0,0,0,0,0,1,0,0,0,0,0,0,0,0,0,0,0"
2010_000493.jpg,"0,0,0,0,0,0,0,0,0,0,0,0,0,0,0,0,0,0,0,0"
2010_000530.jpg,"0,0,0,0,0,0,0,0,0,0,0,0,0,0,1,0,0,0,0,0"
2010_000541.jpg,"1,0,0,0,0,0,0,0,0,0,0,0,0,0,0,0,0,0,0,0"
2010_000552.jpg,"0,0,0,0,0,0,0,1,0,0,0,0,0,0,0,0,0,0,0,0"
2010_000559.jpg,"0,0,0,0,0,0,0,0,0,0,0,0,0,0,1,0,0,0,0,0"
2010_000573.jpg,"0,0,0,0,0,1,0,0,0,0,0,0,0,0,1,0,0,0,0,0"
2010_000628.jpg,"0,0,0,0,0,0,1,0,0,0,0,0,0,0,0,0,0,0,0,0"
2010_000646.jpg,"0,0,0,0,0,0,0,0,1,0,0,0,0,0,0,0,0,0,0,0"
2010_000695.jpg,"0,0,0,0,0,0,0,0,0,0,0,0,0,1,1,0,0,0,0,0"
2010_000724.jpg,"0,0,0,0,0,0,0,0,0,0,0,0,0,0,0,0,0,0,0,0"
2010_000727.jpg,"0,0,0,0,0,0,0,0,0,0,0,0,0,0,0,0,0,0,0,0"
2010_000729.jpg,"0,0,0,1,0,0,0,0,0,0,0,0,0,0,0,0,0,0,0,0"
2010_000778.jpg,"0,0,0,0,0,0,0,0,0,0,0,0,0,0,1,0,0,0,0,0"
2010_000791.jpg,"0,0,0,0,0,0,0,1,0,0,0,0,0,0,0,0,0,0,0,0"
2010_000811.jpg,"0,0,0,0,0,0,0,0,0,0,0,1,0,0,0,0,0,0,0,0"
2010_000821.jpg,"0,0,0,0,0,0,0,0,0,0,0,0,0,0,0,0,0,0,1,0"
2010_000829.jpg,"0,1,0,0,0,0,0,0,0,0,0,0,0,0,0,0,0,0,0,0"
2010_000836.jpg,"1,0,1,0,0,0,0,0,0,0,0,0,0,0,0,0,0,0,0,0"
2010_000846.jpg,"0,0,0,0,0,0,0,0,0,0,0,1,0,0,0,0,0,0,0,0"
2010_000866.jpg,"0,0,0,0,0,0,0,0,0,0,0,0,0,0,0,0,1,0,0,0"
2010_000876.jpg,"0,0,1,0,0,0,0,0,0,0,0,0,0,0,0,0,0,0,0,0"
2010_000961.jpg,"0,0,1,0,0,0,0,0,0,0,0,0,0,0,0,0,0,0,0,0"
2010_000968.jpg,"0,0,0,0,0,0,0,0,0,0,0,0,0,0,0,0,0,0,1,0"
2010_001000.jpg,"0,0,0,0,0,0,0,0,0,0,0,0,1,0,0,0,0,0,0,0"
2010_001021.jpg,"0,0,0,0,0,0,0,1,0,0,0,0,0,0,0,0,0,0,0,0"
2010_001109.jpg,"0,0,0,1,0,0,0,0,0,0,0,0,0,0,0,0,0,0,0,0"
2010_001158.jpg,"0,0,0,0,0,0,0,0,0,0,0,0,0,0,1,0,0,0,0,0"
2010_001163.jpg,"0,0,0,0,0,0,1,0,0,0,0,0,0,0,0,1,0,0,0,0"
2010_001172.jpg,"0,0,0,0,0,0,0,0,0,0,0,1,0,0,0,0,0,0,0,0"
2010_001518.jpg,"0,0,0,0,0,0,0,0,0,0,0,0,0,0,1,0,0,0,0,0"
2010_001557.jpg,"0,0,0,0,0,0,0,0,0,0,0,0,0,0,0,0,1,0,0,0"
2010_001601.jpg,"0,0,0,0,0,0,0,0,0,0,0,1,0,0,0,0,0,0,0,0"
2010_001646.jpg,"0,0,0,0,0,1,0,0,0,0,0,0,0,0,1,0,0,0,0,0"
2010_001671.jpg,"0,0,0,0,0,0,0,0,0,0,0,0,0,0,0,0,1,0,0,0"
2010_001712.jpg,"0,0,0,0,0,0,0,1,0,0,0,0,0,0,0,0,0,0,0,0"
2010_001720.jpg,"0,0,0,0,0,0,0,0,0,0,0,1,0,0,0,0,0,0,0,0"
2010_001760.jpg,"0,0,0,0,0,0,0,0,0,0,0,1,0,0,0,0,0,0,0,0"
2010_001827.jpg,"0,0,0,0,0,0,0,1,0,0,0,0,0,0,0,0,0,0,0,0"
2010_001868.jpg,"0,0,1,0,0,0,0,0,0,0,0,0,0,0,0,0,0,0,0,0"
2010_001869.jpg,"0,0,0,1,0,0,0,0,0,0,0,1,0,0,0,0,0,0,0,0"
2010_001927.jpg,"0,0,1,0,0,0,0,0,0,0,0,0,0,0,0,0,0,0,0,0"
2010_001966.jpg,"0,0,0,0,0,0,0,0,0,0,0,0,0,0,0,0,0,0,0,0"
2010_002002.jpg,"0,0,0,0,0,0,0,0,0,0,0,0,0,0,1,0,0,0,0,1"
2010_002050.jpg,"0,0,0,0,0,0,0,0,0,0,0,0,0,0,0,0,0,0,0,0"
2010_002089.jpg,"0,0,1,0,0,0,0,0,0,0,0,1,0,0,0,0,0,0,0,0"
2010_002102.jpg,"0,0,0,0,0,1,0,0,0,0,0,0,0,0,1,0,0,0,0,0"
2010_002183.jpg,"0,0,0,0,0,0,0,0,0,0,0,0,1,0,1,0,0,0,0,0"
2010_002195.jpg,"0,0,0,0,0,0,0,0,0,0,0,0,0,0,0,0,0,0,0,0"
2010_002229.jpg,"0,0,0,0,0,0,0,0,0,0,0,0,0,0,0,0,0,0,0,0"
2010_002245.jpg,"0,0,0,0,0,0,0,0,0,0,0,0,0,0,1,0,0,0,0,1"
2010_002251.jpg,"0,0,0,0,0,0,0,0,0,0,0,0,0,1,1,0,0,0,0,0"
2010_002307.jpg,"0,0,0,0,0,0,0,1,0,0,0,0,0,0,0,0,0,0,0,0"
2010_002336.jpg,"0,0,0,0,0,0,0,0,1,0,1,0,0,0,0,0,0,0,0,0"
2010_002365.jpg,"0,0,0,0,0,0,0,0,0,0,0,1,0,0,0,0,0,0,0,0"
2010_002366.jpg,"0,0,0,0,0,0,0,0,1,0,0,0,0,0,1,0,0,0,0,0"
2010_002388.jpg,"0,0,0,0,1,0,0,0,0,0,0,0,0,0,0,0,0,0,0,0"
2010_002390.jpg,"0,0,0,0,0,0,0,0,0,0,0,1,0,0,0,0,0,0,0,0"
2010_002420.jpg,"0,0,0,0,0,0,0,0,0,0,0,0,0,0,0,0,0,0,0,0"
2010_002468.jpg,"0,0,0,0,0,0,0,0,0,0,0,1,0,0,0,0,0,0,0,0"
2010_002479.jpg,"0,0,0,0,0,0,0,1,0,0,0,0,0,0,0,0,0,0,0,0"
2010_002482.jpg,"0,0,0,0,0,0,0,0,0,0,0,0,0,0,0,0,0,0,0,0"
2010_002526.jpg,"0,0,0,0,0,0,0,0,0,0,0,0,0,0,1,0,0,0,0,0"
2010_002623.jpg,"0,0,0,0,0,0,0,0,1,0,0,0,0,0,1,0,0,0,0,0"
2010_002631.jpg,"0,0,0,0,0,0,0,0,0,0,0,1,0,0,0,0,0,0,0,0"
2010_002639.jpg,"0,0,0,0,0,0,0,0,1,0,0,0,0,0,0,0,0,0,0,0"
2010_002645.jpg,"0,0,0,0,0,0,0,1,0,0,0,0,0,0,0,0,0,0,0,0"
2010_002661.jpg,"0,0,0,0,0,0,0,0,0,0,0,0,0,0,0,1,0,0,0,0"
2010_002682.jpg,"0,0,0,0,0,0,0,0,0,0,0,0,0,0,0,0,0,0,0,0"
2010_002725.jpg,"0,0,0,0,0,0,0,0,0,0,0,0,0,0,1,0,0,0,0,0"
2010_002728.jpg,"0,0,0,0,0,0,0,0,1,0,0,0,0,0,0,0,0,0,0,0"
2010_002741.jpg,"0,0,0,0,0,0,0,0,0,0,0,1,0,0,0,0,0,0,0,0"
2010_002767.jpg,"0,1,0,0,0,0,0,0,0,0,0,0,0,0,1,0,0,0,0,0"
2010_002790.jpg,"0,0,0,0,0,0,1,0,0,0,0,0,0,0,0,0,0,0,0,0"
2010_002860.jpg,"0,0,0,0,0,0,0,0,0,0,0,0,0,0,0,0,0,1,1,0"
2010_002881.jpg,"0,0,0,0,0,0,0,0,0,0,0,1,0,0,0,0,0,0,0,0"
2010_002914.jpg,"0,0,0,0,0,0,0,0,0,0,0,0,0,1,1,0,0,0,0,0"
2010_003016.jpg,"0,0,0,0,0,0,0,0,0,0,0,0,1,0,1,0,0,0,0,0"
2010_003102.jpg,"0,0,0,0,0,0,0,0,0,0,0,0,0,0,0,0,1,0,0,0"
2010_003123.jpg,"0,0,0,0,0,0,0,0,0,0,0,0,0,0,0,1,0,0,0,0"
2010_003129.jpg,"0,0,0,0,0,0,1,0,0,0,0,0,0,0,1,0,0,0,0,0"
2010_003160.jpg,"0,0,0,0,0,0,0,0,0,0,0,0,0,0,0,0,0,0,0,0"
2010_003201.jpg,"0,0,0,0,0,0,0,0,0,0,0,0,0,0,0,0,0,0,0,0"
2010_003207.jpg,"0,0,0,0,0,0,0,0,0,0,0,0,0,1,1,0,0,0,0,0"
2010_003214.jpg,"0,0,0,0,0,0,0,0,0,0,0,1,0,0,0,0,0,0,0,0"
2010_003231.jpg,"0,0,0,0,0,0,1,0,0,0,0,0,0,0,1,0,0,0,0,0"
2010_003249.jpg,"0,0,0,0,0,0,0,1,0,0,0,0,0,0,0,0,0,0,0,0"
2010_003285.jpg,"0,0,0,0,0,0,0,0,0,0,0,1,0,0,0,0,0,0,0,0"
2010_003314.jpg,"0,0,0,0,0,0,0,0,0,0,0,0,0,1,1,0,0,0,0,0"
2010_003335.jpg,"0,0,0,0,0,0,0,0,0,0,0,0,0,0,0,0,0,0,0,0"
2010_003362.jpg,"0,0,1,0,0,0,0,0,0,0,0,0,0,0,0,0,0,0,0,0"
2010_003365.jpg,"1,0,0,0,0,0,0,0,0,0,0,0,0,0,0,0,0,0,0,0"
2010_003368.jpg,"0,0,0,0,0,0,0,0,0,0,0,0,0,0,0,0,0,0,0,0"
2010_003376.jpg,"0,0,0,0,0,0,0,0,0,0,0,0,0,0,0,0,1,0,0,0"
2010_003385.jpg,"0,0,0,0,0,0,1,0,0,0,0,0,0,0,0,0,0,0,0,0"
2010_003390.jpg,"0,0,0,0,0,0,0,0,0,0,0,0,0,0,0,1,0,0,0,0"
2010_003401.jpg,"0,0,0,0,0,0,0,0,0,0,0,0,0,0,1,0,0,0,1,1"
2010_003427.jpg,"0,0,0,0,0,0,0,1,0,0,0,0,0,0,0,0,0,0,0,0"
2010_003429.jpg,"0,0,0,0,0,0,0,0,0,0,0,0,0,0,0,0,1,0,0,0"
2010_003514.jpg,"0,0,0,0,0,0,0,0,0,0,0,0,0,0,0,0,0,0,0,0"
2010_003559.jpg,"1,0,0,0,0,0,0,0,0,0,0,0,0,0,0,0,0,0,0,0"
2010_003562.jpg,"0,0,0,0,0,1,0,0,0,0,0,0,0,0,1,0,0,0,0,0"
2010_003597.jpg,"0,0,0,0,0,0,0,0,1,0,1,0,0,0,1,0,0,0,0,0"
2010_003645.jpg,"0,0,0,0,0,0,0,0,0,0,0,0,0,0,1,0,0,0,0,0"
2010_003701.jpg,"0,0,0,0,0,0,0,0,0,0,0,0,0,0,0,0,0,0,0,0"
2010_003757.jpg,"0,0,0,1,0,0,0,0,0,0,0,0,0,0,0,0,0,0,0,0"
2010_003758.jpg,"0,0,0,0,0,0,0,0,0,0,0,0,0,0,0,0,0,0,0,0"
2010_003779.jpg,"0,0,0,0,1,0,0,0,0,0,0,0,0,0,0,0,0,0,0,0"
2010_003811.jpg,"0,1,0,0,0,0,0,0,0,0,0,0,0,0,0,0,0,0,0,0"
2010_003847.jpg,"0,0,0,0,0,0,0,0,0,0,0,0,0,0,0,0,0,0,0,0"
2010_003915.jpg,"1,0,0,0,0,0,0,0,0,0,0,0,0,0,0,0,0,0,0,0"
2010_003919.jpg,"0,0,0,0,0,0,0,0,0,0,0,0,0,0,0,0,1,0,0,0"
2010_003936.jpg,"0,0,0,0,0,1,0,0,0,0,0,0,0,0,1,0,0,0,0,0"
2010_003944.jpg,"0,0,0,0,0,0,0,0,0,0,0,0,0,0,1,0,0,0,0,0"
2010_003955.jpg,"0,0,0,1,0,0,0,0,0,0,0,0,0,0,1,0,0,0,0,0"
2010_003961.jpg,"0,0,0,0,0,0,0,0,0,0,0,1,0,0,0,0,0,0,0,0"
2010_004006.jpg,"0,0,0,1,0,0,0,0,0,0,0,0,0,0,0,0,0,0,0,0"
2010_004036.jpg,"0,0,0,0,0,0,0,0,0,0,0,0,0,0,0,0,0,0,0,0"
2010_004054.jpg,"0,0,0,0,0,0,0,0,0,0,0,0,0,0,1,0,0,0,0,0"
2010_004102.jpg,"0,0,0,0,0,0,0,0,0,0,0,0,0,0,1,0,0,0,0,1"
2010_004157.jpg,"0,0,0,0,0,0,0,1,0,0,0,0,0,0,0,0,0,0,0,0"
2010_004187.jpg,"0,0,1,0,0,0,0,0,0,0,0,0,0,0,0,0,0,0,0,0"
2010_004193.jpg,"0,0,0,0,0,0,0,0,0,0,0,0,0,0,0,0,0,0,0,0"
2010_004209.jpg,"0,0,0,0,0,0,0,0,0,0,0,1,0,0,0,0,0,0,0,0"
2010_004380.jpg,"0,0,0,0,0,0,0,0,0,0,1,0,0,0,0,0,0,0,0,0"
2010_004439.jpg,"0,1,0,0,0,0,0,0,0,0,0,0,0,0,1,0,0,0,0,0"
2010_004472.jpg,"0,0,0,0,0,0,1,0,0,0,0,0,0,0,1,0,0,0,0,0"
2010_004509.jpg,"0,0,0,0,0,0,0,0,0,0,0,0,0,0,0,0,0,0,1,0"
2010_004520.jpg,"0,0,0,0,0,0,0,0,0,0,0,0,0,0,0,0,0,0,0,0"
2010_004529.jpg,"0,0,0,0,1,0,0,0,0,0,0,0,0,0,0,0,0,0,0,0"
2010_004542.jpg,"0,0,0,0,0,0,0,0,0,0,0,0,1,0,1,0,0,0,0,0"
2010_004570.jpg,"0,0,1,0,0,0,0,0,0,0,0,0,0,0,0,0,0,0,0,0"
2010_004608.jpg,"0,0,0,0,0,0,0,0,0,0,0,0,0,0,0,0,0,0,0,0"
2010_004672.jpg,"0,0,0,0,0,0,0,0,0,0,0,1,0,0,1,0,0,0,0,0"
2010_004735.jpg,"0,0,0,0,0,0,1,0,0,0,0,0,0,0,0,1,0,0,0,0"
2010_004748.jpg,"1,0,0,0,0,0,0,0,0,0,0,0,0,0,0,0,0,0,0,0"
2010_004783.jpg,"0,0,0,0,0,0,0,0,1,0,0,0,0,0,0,0,0,0,0,0"
2010_004903.jpg,"0,0,0,0,0,1,1,0,0,0,0,0,0,0,0,0,0,0,0,0"
2010_004931.jpg,"0,0,0,0,0,0,0,0,0,0,0,1,0,0,0,0,0,0,0,0"
2010_005000.jpg,"0,0,0,0,0,0,0,0,0,0,0,0,0,1,0,0,0,0,0,0"
2010_005006.jpg,"0,0,0,0,0,0,0,1,0,0,0,0,0,0,0,0,0,0,0,0"
2010_005048.jpg,"0,0,0,0,0,0,0,1,0,0,0,1,0,0,0,0,0,0,0,0"
2010_005061.jpg,"0,0,0,0,0,0,0,0,0,0,0,0,0,0,0,0,0,0,0,0"
2010_005066.jpg,"0,0,0,0,0,0,0,0,0,0,0,0,0,0,0,0,0,0,0,0"
2010_005075.jpg,"0,0,0,0,0,0,1,0,0,0,0,0,0,0,0,0,0,0,0,0"
2010_005108.jpg,"0,0,0,0,0,0,0,0,0,0,0,0,0,0,0,0,0,0,0,0"
2010_005116.jpg,"0,1,0,0,0,0,0,0,0,0,0,0,0,0,0,0,0,0,0,0"
2010_005120.jpg,"0,0,0,0,0,0,0,0,0,0,0,0,0,0,0,0,1,0,0,0"
2010_005130.jpg,"0,0,0,0,0,0,0,0,0,0,0,0,0,0,0,0,0,0,0,0"
2010_005152.jpg,"0,0,0,0,0,0,0,0,0,0,0,0,0,0,0,0,0,0,0,0"
2010_005187.jpg,"0,0,0,0,0,0,0,0,0,0,0,0,0,0,0,1,0,0,0,0"
2010_005188.jpg,"0,0,0,0,0,0,0,0,0,0,0,0,0,0,1,0,0,0,0,0"
2010_005226.jpg,"0,0,0,0,0,0,0,0,0,0,0,0,0,1,1,0,0,0,0,0"
2010_005242.jpg,"0,0,0,0,0,0,0,0,0,0,0,1,0,0,0,0,0,0,0,0"
2010_005252.jpg,"0,0,0,0,0,0,0,0,0,0,0,0,0,0,1,0,0,0,0,0"
2010_005272.jpg,"0,0,0,0,0,0,0,0,0,0,0,0,0,1,0,0,0,0,0,0"
2010_005374.jpg,"0,0,0,0,0,0,0,0,0,0,0,0,0,1,0,0,0,0,0,0"
2010_005406.jpg,"0,0,0,0,0,0,0,0,0,0,0,1,0,0,0,0,0,0,0,0"
2010_005425.jpg,"0,0,0,0,0,0,0,0,0,0,0,1,0,0,0,0,0,0,0,0"
2010_005456.jpg,"0,0,0,0,0,0,0,1,0,0,0,0,0,0,0,0,0,0,0,0"
2010_005463.jpg,"0,0,0,0,0,0,0,0,0,0,0,0,0,0,0,0,0,0,0,0"
2010_005467.jpg,"0,0,0,0,0,0,0,0,0,0,0,0,0,0,0,0,0,0,0,0"
2010_005508.jpg,"0,0,0,0,0,0,0,0,0,0,0,0,0,0,0,0,0,0,0,0"
2010_005543.jpg,"0,0,0,0,0,0,0,0,0,0,0,0,0,0,1,0,0,0,0,0"
2010_005548.jpg,"0,0,0,0,0,0,0,0,0,0,0,1,0,0,0,0,0,0,0,0"
2010_005556.jpg,"0,1,0,0,0,0,0,0,0,0,0,0,0,0,0,0,0,0,0,0"
2010_005610.jpg,"0,0,0,0,0,0,0,0,0,0,0,0,0,0,0,0,0,0,0,0"
2010_005635.jpg,"0,0,0,0,0,0,0,0,0,0,0,0,0,0,0,0,1,0,0,0"
2010_005636.jpg,"0,0,0,0,0,1,0,0,0,0,0,0,0,0,1,0,0,0,0,0"
2010_005671.jpg,"0,0,0,0,0,0,0,0,0,0,0,1,0,0,0,0,0,0,0,0"
2010_005705.jpg,"0,0,0,1,0,0,0,0,0,0,0,0,0,0,0,0,0,0,0,0"
2010_005706.jpg,"0,0,0,0,0,0,0,0,0,0,0,0,0,0,0,0,0,0,0,0"
2010_005731.jpg,"0,0,0,0,0,0,0,0,0,0,0,0,0,1,0,0,0,0,0,0"
2010_005763.jpg,"0,0,0,0,0,0,0,0,0,0,0,0,0,0,0,0,0,0,0,0"
2010_005806.jpg,"0,0,0,0,0,0,0,0,0,0,0,0,0,0,0,0,0,0,0,0"
2010_005868.jpg,"0,0,0,0,0,0,1,0,0,0,0,0,0,0,0,0,0,0,0,0"
2010_005870.jpg,"0,0,0,0,0,0,0,0,0,0,0,1,0,0,0,0,0,0,0,0"
2010_005882.jpg,"0,0,0,0,0,0,0,0,0,0,0,0,0,0,0,0,0,0,0,0"
2010_005884.jpg,"0,0,0,0,0,0,0,0,1,0,1,0,0,0,1,1,0,0,0,0"
2010_005899.jpg,"0,0,0,0,0,0,0,0,0,0,0,0,0,0,0,0,0,0,0,0"
2010_005938.jpg,"0,0,0,0,0,0,0,0,0,0,0,1,0,0,0,0,0,0,0,0"
2010_005998.jpg,"1,0,0,0,0,0,0,0,0,0,0,0,0,0,0,0,0,0,0,0"
2010_006004.jpg,"0,0,0,0,0,0,0,0,0,0,0,0,0,0,1,0,0,0,0,0"
2010_006025.jpg,"0,0,0,0,0,0,0,1,0,0,0,0,0,0,0,0,0,0,0,0"
2010_006056.jpg,"0,0,0,0,0,0,0,0,0,0,0,0,0,0,0,0,0,1,1,0"
2011_000016.jpg,"0,0,0,0,0,0,0,0,0,0,0,0,0,0,1,0,0,0,0,0"
2011_000036.jpg,"0,0,0,0,0,0,0,0,1,0,0,0,0,0,0,0,0,0,0,1"
2011_000051.jpg,"0,0,0,0,0,0,0,0,0,0,0,0,0,0,1,0,0,0,0,0"
2011_000057.jpg,"0,0,0,0,0,0,0,0,0,0,0,0,0,0,0,0,0,0,0,0"
2011_000065.jpg,"0,0,0,0,0,0,0,0,1,0,1,0,0,0,0,0,0,0,0,0"
2011_000128.jpg,"0,0,0,0,0,0,0,0,0,0,0,0,0,0,0,0,0,0,0,0"
2011_000142.jpg,"0,0,0,0,0,0,0,0,0,0,0,0,0,0,1,0,0,0,0,0"
2011_000178.jpg,"0,0,0,0,0,1,0,0,0,0,0,0,0,0,1,0,0,0,0,0"
2011_000185.jpg,"0,0,1,0,0,0,0,0,0,0,0,0,0,0,0,0,0,0,0,0"
2011_000195.jpg,"0,0,0,0,0,0,0,0,0,0,0,0,0,0,0,0,0,0,0,0"
2011_000229.jpg,"0,0,0,0,0,0,0,0,0,0,0,0,0,0,0,0,0,0,0,0"
2011_000253.jpg,"0,0,0,0,0,0,0,0,1,0,0,0,0,0,0,0,0,0,0,1"
2011_000273.jpg,"0,0,0,0,0,0,0,0,0,0,0,0,0,0,1,0,0,0,0,0"
2011_000299.jpg,"0,0,0,0,0,0,0,0,0,0,0,0,0,0,0,0,0,0,0,0"
2011_000314.jpg,"0,0,0,0,0,0,0,0,0,0,0,0,0,0,1,0,0,0,0,0"
2011_000319.jpg,"0,1,0,0,0,0,0,0,0,0,0,0,0,0,1,0,0,0,0,0"
2011_000391.jpg,"0,0,0,0,0,0,0,0,0,0,0,0,0,0,1,0,0,0,0,0"
2011_000514.jpg,"0,0,0,0,0,0,0,0,0,0,0,0,0,0,0,1,0,0,0,0"
2011_000622.jpg,"0,0,0,0,1,0,0,0,0,0,0,0,0,0,0,0,0,0,0,0"
2011_000724.jpg,"0,0,0,0,0,0,1,0,0,0,0,0,0,0,1,0,0,0,0,0"
2011_000753.jpg,"0,0,0,0,0,0,0,0,0,0,0,0,0,0,1,0,0,0,0,0"
2011_000767.jpg,"0,0,0,0,0,0,1,0,0,0,0,0,0,0,1,0,0,0,0,0"
2011_000784.jpg,"0,0,0,0,0,0,0,0,0,0,0,0,1,0,0,0,0,0,0,0"
2011_000897.jpg,"0,0,0,0,0,0,1,0,0,0,0,0,0,0,1,0,0,0,0,0"
2011_000909.jpg,"0,0,0,0,0,0,0,0,0,0,0,0,0,0,0,0,0,0,0,0"
2011_000912.jpg,"0,0,1,0,0,0,0,0,0,0,0,0,0,0,0,0,0,0,0,0"
2011_000969.jpg,"0,0,0,0,0,0,0,0,0,0,0,0,0,0,1,0,0,0,0,0"
2011_001058.jpg,"0,0,0,0,1,0,0,0,0,0,0,0,0,0,1,0,0,0,0,0"
2011_001086.jpg,"0,0,0,0,0,0,0,0,0,0,0,0,0,0,0,0,0,0,0,0"
2011_001281.jpg,"0,0,0,0,0,0,0,0,0,0,0,0,0,0,0,0,0,0,0,0"
2011_001370.jpg,"0,0,0,0,0,0,0,0,0,0,0,0,0,0,1,0,0,0,0,0"
2011_001440.jpg,"0,0,0,0,0,0,0,0,1,0,0,0,0,0,0,0,0,1,1,1"
2011_001447.jpg,"0,0,0,0,0,0,0,0,0,0,0,0,0,0,1,0,0,0,0,0"
2011_001693.jpg,"0,0,0,1,0,0,0,0,0,0,0,0,0,0,1,0,0,0,0,0"
2011_001708.jpg,"0,0,0,0,0,0,0,0,0,0,0,0,0,0,0,0,0,0,0,0"
2011_001712.jpg,"0,0,1,0,0,0,0,0,0,0,0,0,0,0,0,0,0,0,0,0"
2011_001720.jpg,"0,0,0,0,1,0,0,0,0,0,0,0,0,0,1,0,0,0,0,0"
2011_001775.jpg,"0,0,0,0,0,0,0,0,0,0,0,0,0,0,0,0,0,0,0,0"
2011_001806.jpg,"0,0,0,0,0,0,0,0,0,0,0,0,0,0,0,1,0,0,0,0"
2011_001815.jpg,"0,0,0,0,0,0,0,0,0,0,0,0,0,0,1,0,0,0,0,0"
2011_001819.jpg,"0,0,0,0,0,0,0,0,0,0,0,0,0,0,1,0,0,0,0,0"
2011_001827.jpg,"0,0,0,0,0,0,0,0,0,0,0,0,0,0,0,0,0,0,0,0"
2011_001837.jpg,"0,0,0,0,0,0,0,0,0,0,0,0,0,0,1,0,0,0,0,1"
2011_001914.jpg,"0,0,0,0,0,0,0,0,0,0,0,0,0,0,1,0,0,0,0,0"
2011_001941.jpg,"0,0,0,0,0,0,0,0,1,0,0,0,0,0,1,0,0,0,0,0"
2011_001962.jpg,"1,0,0,0,0,0,0,0,0,0,0,0,0,0,0,0,0,0,0,0"
2011_001966.jpg,"0,0,0,0,0,0,0,0,0,0,0,0,0,1,1,0,0,0,0,0"
2011_001975.jpg,"0,0,0,0,0,0,0,0,1,0,0,0,0,0,1,0,0,0,0,0"
2011_001980.jpg,"0,0,0,0,0,0,0,0,0,0,0,0,0,0,1,0,0,0,1,0"
2011_002019.jpg,"0,0,0,0,0,0,0,0,0,0,0,0,0,0,1,0,0,0,0,0"
2011_002040.jpg,"0,0,0,0,0,0,0,0,0,0,0,1,0,0,0,0,0,0,0,0"
2011_002047.jpg,"0,0,0,0,0,0,0,0,0,0,0,0,1,0,0,0,0,0,0,0"
2011_002075.jpg,"0,0,0,0,1,0,0,0,1,0,1,0,0,0,1,0,0,0,0,0"
2011_002276.jpg,"0,0,0,0,0,0,0,1,0,0,0,0,0,0,0,0,0,0,0,0"
2011_002322.jpg,"0,0,0,0,0,0,0,0,0,0,0,0,0,1,1,0,0,0,0,0"
2011_002357.jpg,"0,0,0,0,0,0,0,0,0,0,0,0,0,1,0,0,0,0,0,0"
2011_002391.jpg,"0,0,0,0,0,0,0,0,1,0,1,0,0,0,0,0,0,0,0,0"
2011_002459.jpg,"0,0,0,1,0,0,0,0,0,0,0,0,0,0,1,0,0,0,0,0"
2011_002482.jpg,"0,0,0,0,0,0,0,0,0,0,0,0,0,0,1,0,0,0,0,0"
2011_002490.jpg,"0,0,0,1,0,0,0,0,0,0,0,0,0,0,1,0,0,0,0,0"
2011_002515.jpg,"1,0,0,0,0,0,0,0,0,0,0,0,0,0,0,0,0,0,0,0"
2011_002519.jpg,"0,0,0,1,0,0,0,0,0,0,0,0,0,0,1,0,0,0,0,0"
2011_002556.jpg,"0,0,0,0,0,0,0,0,0,0,0,0,0,0,1,0,0,0,0,0"
2011_002592.jpg,"0,0,0,0,0,0,1,0,0,0,0,0,0,0,0,0,0,0,0,0"
2011_002760.jpg,"0,0,0,0,0,0,0,0,0,0,0,0,0,1,1,0,0,0,0,0"
2011_002890.jpg,"0,0,0,0,1,0,0,0,0,0,0,0,0,0,0,0,0,0,0,0"
2011_002933.jpg,"0,0,0,0,0,0,0,0,1,0,1,0,0,0,0,0,0,0,1,0"
2011_002975.jpg,"0,0,0,1,0,0,0,0,0,0,0,0,0,0,0,0,0,0,0,0"
2011_002997.jpg,"0,0,0,0,0,0,0,0,0,0,0,0,0,0,1,0,0,0,0,1"
2011_003043.jpg,"0,0,0,0,0,0,0,0,0,0,0,0,1,0,0,0,0,0,0,0"
2011_003103.jpg,"0,0,0,0,0,0,0,0,1,0,0,0,0,0,0,1,0,1,1,1"
2011_003111.jpg,"1,0,0,0,0,0,0,0,0,0,0,0,0,0,0,0,0,0,0,0"
2011_003228.jpg,"0,0,0,0,0,0,0,0,0,0,0,0,0,0,0,0,0,0,0,0"
2011_003232.jpg,"0,0,0,1,0,0,0,0,0,0,0,0,0,0,1,0,0,0,0,0"
2011_003254.jpg,"0,0,0,0,0,0,0,0,0,0,0,0,0,0,0,0,0,0,0,1"
2011_003262.jpg,"0,0,0,0,0,0,0,0,0,0,0,0,0,0,1,0,0,0,0,0"
